<settings><setting name="ReleaseChannel">0</setting><setting
name="AllowOnlyOneInstance">1</setting><setting name="CloseOnEscape">0</setting><setting
name="DbgHelpSearchPath">SRV*C:\Symbols*https://msdl.microsoft.com/download/symbols</setting><setting
name="DbgHelpUndecorate">1</setting><setting name="DisabledPlugins"></setting><setting
name="ElevationLevel">1</setting><setting name="EnableAdvancedOptions">0</setting><setting
name="EnableAvxSupport">0</setting><setting name="EnableBitmapSupport">1</setting><setting
name="EnableBreakOnTermination">0</setting><setting
name="EnableBootObjectsEnumerate">0</setting><setting
name="EnableCommandLineTooltips">0</setting><setting
name="EnableCycleCpuUsage">1</setting><setting
name="EnableDeferredLayout">1</setting><setting
name="EnableDeviceSupport">1</setting><setting
name="EnableDeviceNotifySupport">1</setting><setting
name="EnableImageCoherencySupport">0</setting><setting
name="EnableInstantTooltips">0</setting><setting
name="EnableHeapReflection">0</setting><setting
name="EnableHeapMemoryTagging">0</setting><setting
name="EnableLastProcessShutdown">0</setting><setting
name="EnableLinuxSubsystemSupport">0</setting><setting
name="EnableHandleSnapshot">1</setting><setting
name="EnableMinidumpKernelMinidump">0</setting><setting
name="EnableMinidumpSnapshot">0</setting><setting
name="EnableMonospaceFont">0</setting><setting
name="EnableNetworkBoundConnections">1</setting><setting
name="EnableNetworkResolve">1</setting><setting
name="EnableNetworkResolveDoH">0</setting><setting
name="EnableMemStringsTreeDialog">0</setting><setting
name="EnablePackageIconSupport">0</setting><setting
name="EnableProcessHandlePnPDeviceNameSupport">0</setting><setting
name="EnablePlugins">1</setting><setting name="EnablePluginsNative">0</setting><setting
name="EnableGraphMaxScale">0</setting><setting name="EnableGraphMaxText">1</setting><setting
name="EnableServiceNonPoll">0</setting><setting
name="EnableServiceNonPollNotify">1</setting><setting
name="EnableServiceStage2">0</setting><setting
name="EnableServiceProgressDialog">1</setting><setting
name="EnableShellExecuteSkipIfeoDebugger">1</setting><setting
name="EnableStage2">0</setting><setting name="EnableStreamerMode">0</setting><setting
name="EnableStartAsAdmin">0</setting><setting
name="EnableStartAsAdminAlwaysOnTop">0</setting><setting
name="EnableDefaultSafePlugins">1</setting><setting
name="EnableSecurityAdvancedDialog">1</setting><setting
name="EnableShortRelativeStartTime">1</setting><setting
name="EnableShutdownCriticalMenu">0</setting><setting
name="EnableShutdownBootMenu">1</setting><setting
name="EnableSilentCrashNotify">0</setting><setting
name="EnableThemeSupport">0</setting><setting
name="EnableThemeAcrylicSupport">0</setting><setting
name="EnableThemeAcrylicWindowSupport">0</setting><setting
name="EnableThemeAnimation">1</setting><setting
name="EnableThemeNativeButtons">0</setting><setting
name="ThemeWindowForegroundColor">1c1c1c</setting><setting
name="ThemeWindowBackgroundColor">2b2b2b</setting><setting
name="ThemeWindowBackground2Color">414141</setting><setting
name="ThemeWindowHighlightColor">808080</setting><setting
name="ThemeWindowHighlight2Color">8f8f8f</setting><setting
name="ThemeWindowTextColor">ffffff</setting><setting
name="EnableThreadStackInlineSymbols">1</setting><setting
name="EnableThreadStackLineInformation">1</setting><setting
name="EnableTokenRemovedPrivileges">0</setting><setting
name="EnableTooltipSupport">1</setting><setting
name="EnableUpdateDefaultFirmwareBootEntry">1</setting><setting
name="EnableVersionSupport">1</setting><setting name="EnableWarnings">1</setting><setting
name="EnableWarningsRunas">1</setting><setting name="EnableWindowText">1</setting><setting
name="EnvironmentTreeListColumns"></setting><setting
name="EnvironmentTreeListSort">0,0</setting><setting
name="EnvironmentTreeListFlags">0</setting><setting
name="SearchControlRegex">0</setting><setting
name="SearchControlCaseSensitive">0</setting><setting
name="FindObjTreeListColumns"></setting><setting
name="FindObjWindowPosition">0,0</setting><setting
name="FindObjWindowSize">@96|550,420</setting><setting
name="ThreadStacksTreeListColumns"></setting><setting
name="ThreadStacksWindowPosition">0,0</setting><setting
name="ThreadStacksWindowSize">@96|550,420</setting><setting
name="FileBrowseExecutable">%SystemRoot%\explorer.exe /select,&quot;%s&quot;</setting><setting
name="FirstRun">0</setting><setting name="Font"></setting><setting
name="FontMonospace"></setting><setting name="ForceNoParent">1</setting><setting
name="HandleTreeListColumns"></setting><setting name="HandleTreeListSort">0,1</setting><setting
name="HandleTreeListFlags">3</setting><setting
name="HandlePropertiesWindowPosition">0,0</setting><setting
name="HandlePropertiesWindowSize">@96|260,260</setting><setting
name="HandleStatisticsListViewColumns"></setting><setting
name="HandleStatisticsListViewSort">0,1</setting><setting
name="HandleStatisticsWindowSize">@96|0,0</setting><setting
name="HideDefaultServices">0</setting><setting name="HideDriverServices">0</setting><setting
name="HideFreeRegions">1</setting><setting name="HideOnClose">0</setting><setting
name="HideOnMinimize">0</setting><setting name="HideOtherUserProcesses">0</setting><setting
name="HideSignedProcesses">0</setting><setting
name="HideMicrosoftProcesses">0</setting><setting
name="HideWaitingConnections">0</setting><setting
name="HighlightingDuration">3e8</setting><setting
name="IconBalloonShowIcon">0</setting><setting
name="IconBalloonMuteSound">0</setting><setting name="ToastNotifyEnabled">0</setting><setting
name="IconTrayGuids"></setting><setting name="IconTrayPersistGuidEnabled">0</setting><setting
name="IconTrayLazyStartDelay">1</setting><setting
name="IconIgnoreBalloonClick">0</setting><setting name="IconSettings"></setting><setting
name="IconNotifyMask">c</setting><setting name="IconProcesses">f</setting><setting
name="IconSingleClick">0</setting><setting name="IconTogglesVisibility">1</setting><setting
name="IconTransparencyEnabled">0</setting><setting
name="InformationWindowPosition">0,0</setting><setting
name="InformationWindowSize">@96|140,190</setting><setting
name="ImageCoherencyScanLevel">1</setting><setting
name="JobListViewColumns"></setting><setting name="LogEntries">200</setting><setting
name="LogListViewColumns"></setting><setting name="LogWindowPosition">0,0</setting><setting
name="LogWindowSize">@96|450,500</setting><setting
name="MainWindowAlwaysOnTop">0</setting><setting
name="MainWindowClassName">MainWindowClassName</setting><setting
name="MainWindowOpacity">0</setting><setting name="MainWindowPosition">656,306</setting><setting
name="MainWindowSize">@96|800,600</setting><setting
name="MainWindowState">1</setting><setting
name="MainWindowTabRestoreEnabled">0</setting><setting
name="MainWindowTabRestoreIndex">0</setting><setting name="MaxSizeUnit">6</setting><setting
name="MaxPrecisionUnit">2</setting><setting name="MemEditBytesPerRow">10</setting><setting
name="MemEditGotoChoices"></setting><setting name="MemEditPosition">0,0</setting><setting
name="MemEditSize">@96|600,500</setting><setting name="MemFilterChoices"></setting><setting
name="MemResultsListViewColumns"></setting><setting
name="MemResultsPosition">300,300</setting><setting name="MemResultsSize">@96|500,520</setting><setting
name="MemoryListFlags">3</setting><setting name="MemoryTreeListColumns"></setting><setting
name="MemoryTreeListSort">0,0</setting><setting
name="MemoryListsWindowPosition">400,400</setting><setting
name="MemoryReadWriteAddressChoices"></setting><setting
name="MemoryModifiedWindowPosition">0,0</setting><setting
name="MemoryModifiedWindowSize">@96|450,500</setting><setting
name="MemoryModifiedListViewColumns"></setting><setting
name="MemoryModifiedListViewSort">0,0</setting><setting
name="MemStringsTreeListColumns"></setting><setting
name="MemStringsTreeListSort">0,1</setting><setting
name="MemStringsTreeListFlags">b</setting><setting
name="MemStringsMinimumLength">a</setting><setting
name="MemStringsWindowPosition">0,0</setting><setting
name="MemStringsWindowSize">@96|550,420</setting><setting
name="MiniInfoContainerClassName">MiniInfoContainerClassName</setting><setting
name="MiniInfoWindowClassName">MiniInfoWindowClassName</setting><setting
name="MiniInfoWindowEnabled">1</setting><setting
name="MiniInfoWindowOpacity">0</setting><setting
name="MiniInfoWindowPinned">0</setting><setting
name="MiniInfoWindowPosition">200,200</setting><setting
name="MiniInfoWindowRefreshAutomatically">3</setting><setting
name="MiniInfoWindowSize">@96|10,200</setting><setting
name="ModuleTreeListFlags">1</setting><setting
name="ModuleTreeListColumns"></setting><setting name="ModuleTreeListSort">0,0</setting><setting
name="NetworkTreeListColumns">@96|0,0,100|1,1,50|2,2,120|3,3,50|4,4,120|5,5,50|6,6,45|7,7,70|8,8,80</setting><setting
name="NetworkTreeListSort">0,1</setting><setting
name="NonPollFlushInterval">a</setting><setting
name="NoPurgeProcessRecords">0</setting><setting
name="OptionsCustomColorList"></setting><setting
name="OptionsWindowAdvancedColumns"></setting><setting
name="OptionsWindowAdvancedFlags">0</setting><setting
name="OptionsWindowPosition">801,226</setting><setting
name="OptionsWindowSize">@96|651,440</setting><setting
name="PageFileWindowPosition">0,0</setting><setting
name="PageFileWindowSize">@96|500,300</setting><setting
name="PageFileListViewColumns"></setting><setting
name="PluginManagerTreeListColumns"></setting><setting
name="ProcessServiceListViewColumns"></setting><setting
name="ProcessTreeColumnSetConfig"></setting><setting
name="ProcessTreeListColumns">@96|0,0,200|1,1,50|2,2,58|3,3,70|4,4,70|5,5,140|6,6,180|21,7,100</setting><setting
name="ProcessTreeListSort">0,0</setting><setting
name="ProcessTreeListNameDefault">1</setting><setting name="ProcPropPage">General</setting><setting
name="ProcPropPosition">200,200</setting><setting name="ProcPropSize">@96|460,580</setting><setting
name="ProcStatPropPageGroupListViewColumns"></setting><setting
name="ProcStatPropPageGroupListViewSort">0,0</setting><setting
name="ProcStatPropPageGroupStates"></setting><setting
name="ProgramInspectExecutables">peview.exe &quot;%s&quot;</setting><setting
name="PropagateCpuUsage">0</setting><setting
name="RunAsEnableAutoComplete">0</setting><setting name="RunAsProgram"></setting><setting
name="RunAsUserName"></setting><setting name="RunAsWindowPosition">0,0</setting><setting
name="RunAsPackageWindowPosition">0,0</setting><setting
name="RunAsPackageWindowSize">@96|500,300</setting><setting
name="RunFileDlgState">0</setting><setting name="SampleCount">3c0</setting><setting
name="SampleCountAutomatic">1</setting><setting
name="ScrollToNewProcesses">0</setting><setting
name="ScrollToRemovedProcesses">0</setting><setting name="SearchEngine">https://duckduckgo.com/?q=&quot;%s&quot;</setting><setting
name="SegmentHeapListViewColumns"></setting><setting
name="SegmentHeapListViewSort">0,1</setting><setting
name="SegmentHeapWindowPosition">0,0</setting><setting
name="SegmentHeapWindowSize">@96|450,500</setting><setting
name="ServiceWindowPosition">0,0</setting><setting
name="ServiceListViewColumns"></setting><setting
name="ServiceTreeListColumns">@96|0,0,140|1,1,50|2,2,220|3,3,100|4,4,70|5,5,130</setting><setting
name="ServiceTreeListSort">0,1</setting><setting
name="SessionShadowHotkey">106,2</setting><setting
name="ShowPluginLoadErrors">1</setting><setting
name="ShowCommitInSummary">1</setting><setting name="ShowCpuBelow001">0</setting><setting
name="ShowHexId">0</setting><setting name="StartHidden">0</setting><setting
name="SysInfoShowCpuSpeedMhz">0</setting><setting
name="SysInfoWindowAlwaysOnTop">0</setting><setting
name="SysInfoWindowOneGraphPerCpu">0</setting><setting
name="SysInfoWindowPosition">200,200</setting><setting
name="SysInfoWindowSection"></setting><setting name="SysInfoWindowSize">@96|900,590</setting><setting
name="SysInfoWindowState">1</setting><setting name="TaskmgrWindowState">0</setting><setting
name="ThinRows">0</setting><setting name="ThreadTreeListColumns"></setting><setting
name="ThreadTreeListSort">1,2</setting><setting
name="ThreadTreeListFlags">60</setting><setting
name="ThreadStackTreeListColumns"></setting><setting
name="ThreadStackWindowSize">@96|420,400</setting><setting
name="TokenWindowPosition">0,0</setting><setting name="TokenWindowSize">@96|0,0</setting><setting
name="TokenGroupsListViewColumns"></setting><setting
name="TokenGroupsListViewStates"></setting><setting
name="TokenGroupsListViewSort">1,2</setting><setting
name="TokenPrivilegesListViewColumns"></setting><setting
name="TreeListBorderEnable">0</setting><setting
name="TreeListCustomColorsEnable">0</setting><setting
name="TreeListCustomColorText">0</setting><setting
name="TreeListCustomColorFocus">0</setting><setting
name="TreeListCustomColorSelection">0</setting><setting
name="TreeListCustomRowSize">0</setting><setting
name="TreeListEnableHeaderTotals">1</setting><setting
name="UpdateInterval">3e8</setting><setting
name="WmiProviderEnableHiddenMenu">0</setting><setting
name="WmiProviderEnableTooltipSupport">0</setting><setting
name="WmiProviderTreeListColumns"></setting><setting
name="WmiProviderTreeListSort">0,0</setting><setting
name="WmiProviderTreeListFlags">0</setting><setting
name="VdmHostListViewColumns"></setting><setting
name="ZombieProcessesListViewColumns"></setting><setting
name="ZombieProcessesWindowPosition">400,400</setting><setting
name="ZombieProcessesWindowSize">@96|520,400</setting><setting
name="ColorNew">ff7f</setting><setting name="ColorRemoved">283cff</setting><setting
name="UseColorOwnProcesses">1</setting><setting name="ColorOwnProcesses">aaffff</setting><setting
name="UseColorSystemProcesses">1</setting><setting
name="ColorSystemProcesses">ffccaa</setting><setting
name="UseColorServiceProcesses">1</setting><setting
name="ColorServiceProcesses">ffffcc</setting><setting
name="UseColorBackgroundProcesses">0</setting><setting
name="ColorBackgroundProcesses">bcbc78</setting><setting
name="UseColorJobProcesses">0</setting><setting name="ColorJobProcesses">3f85cd</setting><setting
name="UseColorWow64Processes">0</setting><setting
name="ColorWow64Processes">8f8fbc</setting><setting
name="UseColorDebuggedProcesses">1</setting><setting
name="ColorDebuggedProcesses">ffbbcc</setting><setting
name="UseColorElevatedProcesses">1</setting><setting
name="ColorElevatedProcesses">aaff</setting><setting
name="UseColorHandleFiltered">1</setting><setting
name="ColorHandleFiltered">0</setting><setting
name="UseColorImmersiveProcesses">1</setting><setting
name="ColorImmersiveProcesses">cbc0ff</setting><setting
name="UseColorUIAccessProcesses">1</setting><setting
name="ColorUIAccessProcesses">aaff</setting><setting
name="UseColorPicoProcesses">1</setting><setting
name="ColorPicoProcesses">ff8000</setting><setting
name="UseColorSuspended">1</setting><setting name="ColorSuspended">777777</setting><setting
name="UseColorDotNet">1</setting><setting name="ColorDotNet">ffde</setting><setting
name="UseColorPacked">1</setting><setting name="ColorPacked">9314ff</setting><setting
name="UseColorLowImageCoherency">1</setting><setting
name="ColorLowImageCoherency">ff14b9</setting><setting
name="UseColorPartiallySuspended">0</setting><setting
name="ColorPartiallySuspended">c0c0c0</setting><setting
name="UseColorGuiThreads">1</setting><setting name="ColorGuiThreads">77ffff</setting><setting
name="UseColorRelocatedModules">1</setting><setting
name="ColorRelocatedModules">80c0ff</setting><setting
name="UseColorProtectedHandles">1</setting><setting
name="ColorProtectedHandles">777777</setting><setting
name="UseColorProtectedInheritHandles">1</setting><setting
name="ColorProtectedInheritHandles">c0c0c0</setting><setting
name="UseColorProtectedProcess">0</setting><setting
name="ColorProtectedProcess">ff8080</setting><setting
name="UseColorInheritHandles">1</setting><setting
name="ColorInheritHandles">ffff77</setting><setting
name="UseColorEfficiencyMode">1</setting><setting
name="ColorEfficiencyMode">80ff00</setting><setting
name="UseColorServiceDisabled">1</setting><setting
name="ColorServiceDisabled">6d6d6d</setting><setting
name="UseColorServiceStop">1</setting><setting name="ColorServiceStop">6d6d6d</setting><setting
name="UseColorUnknown">1</setting><setting name="ColorUnknown">8080ff</setting><setting
name="UseColorSystemThreadStack">1</setting><setting
name="ColorSystemThreadStack">ffccaa</setting><setting
name="UseColorUserThreadStack">1</setting><setting
name="ColorUserThreadStack">aaffff</setting><setting
name="UseColorInlineThreadStack">1</setting><setting
name="ColorInlineThreadStack">ffde</setting><setting name="GraphShowText">1</setting><setting
name="GraphColorMode">0</setting><setting name="ColorCpuKernel">ff00</setting><setting
name="ColorCpuUser">ff</setting><setting name="ColorIoReadOther">ffff</setting><setting
name="ColorIoWrite">ff0077</setting><setting name="ColorPrivate">77ff</setting><setting
name="ColorPhysical">ff8000</setting><setting name="ColorPowerUsage">ff00</setting><setting
name="ColorTemperature">ff</setting><setting name="ColorFanRpm">ff0077</setting><setting
name="KsiEnable">0</setting><setting name="KsiEnableWarnings">1</setting><setting
name="KsiServiceName"></setting><setting name="KsiObjectName"></setting><setting
name="KsiPortName"></setting><setting name="KsiAltitude"></setting><setting
name="KsiDisableImageLoadProtection">0</setting><setting
name="KsiEnableSplashScreen">0</setting><setting
name="KsiEnableLoadNative">0</setting><setting name="KsiEnableLoadFilter">0</setting><setting
name="KsiUnloadOnExit">1</setting><setting name="KsiRandomizedPoolTag">0</setting><setting
name="KsiEnableUnloadProtection">1</setting><setting
name="KsiDynDataNoEmbedded">0</setting><setting
name="KsiClientProcessProtectionLevel">0</setting><setting
name="KsiPreviousTemporaryDriverFile"></setting><setting
name="KsiEnableFsFeatureOffloadRead">1</setting><setting
name="KsiEnableFsFeatureOffloadWrite">1</setting><setting
name="KsiEnableFsFeatureQueryOpen">1</setting><setting
name="KsiEnableFsFeatureBypassIO">1</setting><setting
name="ProcessHacker.DotNetTools.AsmTreeListColumns"></setting><setting
name="ProcessHacker.DotNetTools.AsmTreeListFlags">0</setting><setting
name="ProcessHacker.DotNetTools.AsmTreeListSort">0,0</setting><setting
name="ProcessHacker.DotNetTools.DotNetCategoryIndex">5</setting><setting
name="ProcessHacker.DotNetTools.DotNetListColumns"></setting><setting
name="ProcessHacker.DotNetTools.DotNetListSort"></setting><setting
name="ProcessHacker.DotNetTools.DotNetListGroupStates"></setting><setting
name="ProcessHacker.DotNetTools.DotNetVerifySignature">1</setting><setting
name="ProcessHacker.ExtendedNotifications.LogFileName"></setting><setting
name="ProcessHacker.ExtendedNotifications.ProcessList">\i*</setting><setting
name="ProcessHacker.ExtendedNotifications.ServiceList">\i*</setting><setting
name="ProcessHacker.ExtendedNotifications.DeviceList">\i*</setting><setting
name="ProcessHacker.ExtendedServices.EnableServicesMenu">1</setting><setting
name="ProcessHacker.ExtendedTools.DiskTreeListColumns">@96|0,0,100|1,1,50|2,2,400|3,3,70|4,4,70|5,5,70|6,6,70|7,7,70</setting><setting
name="ProcessHacker.ExtendedTools.DiskTreeListSort">4,2</setting><setting
name="ProcessHacker.ExtendedTools.EnableGpuPerformanceCounters">1</setting><setting
name="ProcessHacker.ExtendedTools.EnableNpuPerformanceCounters">1</setting><setting
name="ProcessHacker.ExtendedTools.EnableDiskPerformanceCounters">1</setting><setting
name="ProcessHacker.ExtendedTools.EnableEtwMonitor">1</setting><setting
name="ProcessHacker.ExtendedTools.EnableGpuMonitor">1</setting><setting
name="ProcessHacker.ExtendedTools.EnableNpuMonitor">1</setting><setting
name="ProcessHacker.ExtendedTools.EnableFpsMonitor">0</setting><setting
name="ProcessHacker.ExtendedTools.EnableSysInfoGraphs">1</setting><setting
name="ProcessHacker.ExtendedTools.TracertWindowPosition">0,0</setting><setting
name="ProcessHacker.ExtendedTools.TracertWindowSize">@96|350,270</setting><setting
name="ProcessHacker.ExtendedTools.UnloadedListColumns"></setting><setting
name="ProcessHacker.ExtendedTools.ModuleServiceWindowPosition">0,0</setting><setting
name="ProcessHacker.ExtendedTools.ModuleServiceWindowSize">@96|850,490</setting><setting
name="ProcessHacker.ExtendedTools.ModuleServiceListColumns"></setting><setting
name="ProcessHacker.ExtendedTools.GpuDetailsWindowPosition">0,0</setting><setting
name="ProcessHacker.ExtendedTools.GpuDetailsWindowSize">@96|850,490</setting><setting
name="ProcessHacker.ExtendedTools.GpuNodesWindowPosition">0,0</setting><setting
name="ProcessHacker.ExtendedTools.GpuNodesWindowSize">@96|850,490</setting><setting
name="ProcessHacker.ExtendedTools.NpuNodesWindowPosition">0,0</setting><setting
name="ProcessHacker.ExtendedTools.NpuNodesWindowSize">@96|850,490</setting><setting
name="ProcessHacker.ExtendedTools.WsWatchWindowPosition">0,0</setting><setting
name="ProcessHacker.ExtendedTools.WsWatchWindowSize">@96|325,266</setting><setting
name="ProcessHacker.ExtendedTools.WsWatchListColumns"></setting><setting
name="ProcessHacker.ExtendedTools.TrayIconGuids"></setting><setting
name="ProcessHacker.ExtendedTools.EnableFahrenheit">0</setting><setting
name="ProcessHacker.ExtendedTools.FwTreeColumns">@96|0,0,140|1,1,70|2,2,40|3,3,240|4,4,180|5,5,220|6,6,50|7,7,70|8,8,220|9,9,50|10,10,70|11,11,60|12,12,60</setting><setting
name="ProcessHacker.ExtendedTools.FwTreeSort">12,2</setting><setting
name="ProcessHacker.ExtendedTools.FwIgnorePortScan">0</setting><setting
name="ProcessHacker.ExtendedTools.FwIgnoreLoopback">1</setting><setting
name="ProcessHacker.ExtendedTools.FwIgnoreAllow">1</setting><setting
name="ProcessHacker.ExtendedTools.FwSessionGuid">{9fce20ee-4d65-492e-8f97-d31e4a91bb9e}</setting><setting
name="ProcessHacker.ExtendedTools.ToolbarShowSystemInfoGraph">1</setting><setting
name="ProcessHacker.ExtendedTools.WaitChainTreeListColumns"></setting><setting
name="ProcessHacker.ExtendedTools.WaitChainWindowPosition">0,0</setting><setting
name="ProcessHacker.ExtendedTools.WaitChainWindowSize">@96|690,540</setting><setting
name="ProcessHacker.ExtendedTools.ReparseWindowPosition">0,0</setting><setting
name="ProcessHacker.ExtendedTools.ReparseWindowSize">@96|510,380</setting><setting
name="ProcessHacker.ExtendedTools.ReparseListViewColumns"></setting><setting
name="ProcessHacker.ExtendedTools.ReparseObjidListViewColumns"></setting><setting
name="ProcessHacker.ExtendedTools.ReparseSdListViewColumns"></setting><setting
name="ProcessHacker.ExtendedTools.PipeEnumWindowPosition">0,0</setting><setting
name="ProcessHacker.ExtendedTools.PipeEnumWindowSize">@96|510,380</setting><setting
name="ProcessHacker.ExtendedTools.PipeEnumListViewColumns"></setting><setting
name="ProcessHacker.ExtendedTools.PipeEnumListViewColumnsWithKsi"></setting><setting
name="ProcessHacker.ExtendedTools.FirmwareWindowPosition">0,0</setting><setting
name="ProcessHacker.ExtendedTools.FirmwareWindowSize">@96|490,340</setting><setting
name="ProcessHacker.ExtendedTools.FirmwareListViewColumns"></setting><setting
name="ProcessHacker.ExtendedTools.ObjectManagerWindowPosition">0,0</setting><setting
name="ProcessHacker.ExtendedTools.ObjectManagerWindowSize">@96|1237,627</setting><setting
name="ProcessHacker.ExtendedTools.ObjectManagerWindowColumns"></setting><setting
name="ProcessHacker.ExtendedTools.ObjectManagerWindowListSort">0,0</setting><setting
name="ProcessHacker.ExtendedTools.ObjectManagerPropertiesWindowPosition">0,0</setting><setting
name="ProcessHacker.ExtendedTools.ObjectManagerLastPath">\</setting><setting
name="ProcessHacker.ExtendedTools.ObjectManagerHistory">\||\BaseNamedObjects||\Device||\KernelObjects||\ObjectTypes</setting><setting
name="ProcessHacker.ExtendedTools.PoolWindowPosition">0,0</setting><setting
name="ProcessHacker.ExtendedTools.PoolWindowSize">@96|510,380</setting><setting
name="ProcessHacker.ExtendedTools.PoolTreeViewColumns"></setting><setting
name="ProcessHacker.ExtendedTools.PoolTreeViewSort">0,0</setting><setting
name="ProcessHacker.ExtendedTools.BigPoolWindowPosition">0,0</setting><setting
name="ProcessHacker.ExtendedTools.BigPoolWindowSize">@96|510,380</setting><setting
name="ProcessHacker.ExtendedTools.TpmWindowPosition">0,0</setting><setting
name="ProcessHacker.ExtendedTools.TpmWindowSize">@96|490,340</setting><setting
name="ProcessHacker.ExtendedTools.TpmListViewColumns"></setting><setting
name="ProcessHacker.ExtendedTools.SMBIOSWindowPosition">0,0</setting><setting
name="ProcessHacker.ExtendedTools.SMBIOSWindowSize">@96|490,340</setting><setting
name="ProcessHacker.ExtendedTools.SMBIOSListViewColumns"></setting><setting
name="ProcessHacker.ExtendedTools.SMBIOSShowUndefinedTypes">0</setting><setting
name="ProcessHacker.HardwareDevices.EnableNDIS">1</setting><setting
name="ProcessHacker.HardwareDevices.NetworkList"></setting><setting
name="ProcessHacker.HardwareDevices.NetworkWindowPosition">0,0</setting><setting
name="ProcessHacker.HardwareDevices.NetworkWindowSize">@96|309,265</setting><setting
name="ProcessHacker.HardwareDevices.NetworkListColumns"></setting><setting
name="ProcessHacker.HardwareDevices.NetworkListSort"></setting><setting
name="ProcessHacker.HardwareDevices.DiskList"></setting><setting
name="ProcessHacker.HardwareDevices.DiskWindowPosition">100,100</setting><setting
name="ProcessHacker.HardwareDevices.DiskWindowSize">@96|309,265</setting><setting
name="ProcessHacker.HardwareDevices.DiskListColumns"></setting><setting
name="ProcessHacker.HardwareDevices.SmartListColumns"></setting><setting
name="ProcessHacker.HardwareDevices.RaplList"></setting><setting
name="ProcessHacker.HardwareDevices.GraphicsList"></setting><setting
name="ProcessHacker.HardwareDevices.GraphicsDetailsWindowPosition">0,0</setting><setting
name="ProcessHacker.HardwareDevices.GraphicsDetailsWindowSize">@96|850,490</setting><setting
name="ProcessHacker.HardwareDevices.GraphicsNodesWindowPosition">0,0</setting><setting
name="ProcessHacker.HardwareDevices.GraphicsNodesWindowSize">@96|850,490</setting><setting
name="ProcessHacker.HardwareDevices.GraphicsUniqueIndices">1</setting><setting
name="ProcessHacker.HardwareDevices.DeviceTreeAutoRefresh">1</setting><setting
name="ProcessHacker.HardwareDevices.DeviceTreeShowDisconnected">0</setting><setting
name="ProcessHacker.HardwareDevices.DeviceTreeHighlightUpperFiltered">0</setting><setting
name="ProcessHacker.HardwareDevices.DeviceTreeHighlightLowerFiltered">0</setting><setting
name="ProcessHacker.HardwareDevices.DeviceTreeSort">0,0</setting><setting
name="ProcessHacker.HardwareDevices.DeviceTreeColumns">@96|0,0,400|1,1,180|2,2,120|3,3,120|4,4,80|5,5,160</setting><setting
name="ProcessHacker.HardwareDevices.ColorDeviceProblem">283cff</setting><setting
name="ProcessHacker.HardwareDevices.ColorDeviceDisabled">0</setting><setting
name="ProcessHacker.HardwareDevices.ColorDeviceDisconnected">6d6d6d</setting><setting
name="ProcessHacker.HardwareDevices.ColorDeviceHighlight">aaff</setting><setting
name="ProcessHacker.HardwareDevices.ColorDeviceInterface">ffccaa</setting><setting
name="ProcessHacker.HardwareDevices.ColorDisabledDeviceInterface">886644</setting><setting
name="ProcessHacker.HardwareDevices.SortDeviceChildrenByName">1</setting><setting
name="ProcessHacker.HardwareDevices.ShowRootDevice">0</setting><setting
name="ProcessHacker.HardwareDevices.ShowSoftwareComponents">1</setting><setting
name="ProcessHacker.HardwareDevices.ShowDeviceInterfaces">0</setting><setting
name="ProcessHacker.HardwareDevices.ShowDisabledDeviceInterfaces">0</setting><setting
name="ProcessHacker.HardwareDevices.DevicePropertiesPosition">0,0</setting><setting
name="ProcessHacker.HardwareDevices.DevicePropertiesSize">@96|300,200</setting><setting
name="ProcessHacker.HardwareDevices.DeviceGeneralColumns"></setting><setting
name="ProcessHacker.HardwareDevices.DevicePropertiesColumns"></setting><setting
name="ProcessHacker.HardwareDevices.DeviceInterfacesColumns"></setting><setting
name="ProcessHacker.HardwareDevices.ColorDeviceArrived">ff7f</setting><setting
name="ProcessHacker.HardwareDevices.DeviceHighlightingDuration">bb8</setting><setting
name="ProcessHacker.NetworkTools.AddressHistory"></setting><setting
name="ProcessHacker.NetworkTools.PingWindowPosition">0,0</setting><setting
name="ProcessHacker.NetworkTools.PingWindowSize">@96|420,250</setting><setting
name="ProcessHacker.NetworkTools.PingMinScaling">c8</setting><setting
name="ProcessHacker.NetworkTools.PingTimeout">3e8</setting><setting
name="ProcessHacker.NetworkTools.PingSize">20</setting><setting
name="ProcessHacker.NetworkTools.TracertWindowPosition">0,0</setting><setting
name="ProcessHacker.NetworkTools.TracertWindowSize">@96|850,490</setting><setting
name="ProcessHacker.NetworkTools.TracertTreeColumns"></setting><setting
name="ProcessHacker.NetworkTools.TracertTreeSort">0,1</setting><setting
name="ProcessHacker.NetworkTools.TracertMaxHops">14</setting><setting
name="ProcessHacker.NetworkTools.WhoisWindowPosition">0,0</setting><setting
name="ProcessHacker.NetworkTools.WhoisWindowSize">@96|600,365</setting><setting
name="ProcessHacker.NetworkTools.WhoisProtocalSupport">0</setting><setting
name="ProcessHacker.NetworkTools.EnableExtendedTcpStats">0</setting><setting
name="ProcessHacker.NetworkTools.MaxMindApiKey"></setting><setting
name="ProcessHacker.NetworkTools.MaxMindApiId"></setting><setting
name="ProcessHacker.NetworkTools.MaxMindType">0</setting><setting
name="ProcessHacker.OnlineChecks.EnableVirusTotalScanning">0</setting><setting
name="ProcessHacker.OnlineChecks.VirusTotalHighlightDetection">0</setting><setting
name="ProcessHacker.OnlineChecks.VirusTotalDefautAction">0</setting><setting
name="ProcessHacker.OnlineChecks.VirusTotalDefautPAT"></setting><setting
name="ProcessHacker.OnlineChecks.HybridAnalysisDefautPAT"></setting><setting
name="ProcessHacker.ToolStatus.Config">3f</setting><setting
name="ProcessHacker.ToolStatus.ToolbarDisplayStyle">1</setting><setting
name="ProcessHacker.ToolStatus.SearchBoxDisplayMode">0</setting><setting
name="ProcessHacker.ToolStatus.TaskbarDisplayStyle">0</setting><setting
name="ProcessHacker.ToolStatus.ToolbarShowSystemInfoGraph">1</setting><setting
name="ProcessHacker.ToolStatus.DelayConfig">3</setting><setting
name="ProcessHacker.ToolStatus.RebarConfig"></setting><setting
name="ProcessHacker.ToolStatus.ToolbarButtonConfig"></setting><setting
name="ProcessHacker.ToolStatus.StatusbarConfig"></setting><setting
name="ProcessHacker.ToolStatus.ToolbarGraphConfig"></setting><setting
name="ProcessHacker.ToolStatus.RestoreSelectionAfterSearch">0</setting><setting
name="ProcessHacker.UpdateChecker.PromptStart">1</setting><setting
name="ProcessHacker.UpdateChecker.LastUpdateCheckTime">134153525419020381</setting><setting
name="ProcessHacker.UpdateChecker.ChangelogWindowPosition">0,0</setting><setting
name="ProcessHacker.UpdateChecker.ChangelogWindowSize">@96|420,250</setting><setting
name="ProcessHacker.UpdateChecker.ChangelogListColumns"></setting><setting
name="ProcessHacker.UpdateChecker.ChangelogListSort"></setting><setting
name="ProcessHacker.UpdateChecker.UpdateMode">0</setting><setting
name="ProcessHacker.UpdateChecker.UpdateAvailable">0</setting><setting
name="ProcessHacker.UpdateChecker.UpdateData"></setting><setting
name="ProcessHacker.UpdateChecker.AutoCheckPage">0</setting><setting
name="ProcessHacker.UserNotes.ColorCustomList"></setting><setting
name="ProcessHacker.UserNotes.DbListColumns"></setting><setting
name="ProcessHacker.WindowExplorer.ShowDesktopWindows">0</setting><setting
name="ProcessHacker.WindowExplorer.WindowTreeListColumns"></setting><setting
name="ProcessHacker.WindowExplorer.WindowsWindowPosition">0,0</setting><setting
name="ProcessHacker.WindowExplorer.WindowsWindowSize">@96|690,540</setting><setting
name="ProcessHacker.WindowExplorer.WindowsPropertyColumns"></setting><setting
name="ProcessHacker.WindowExplorer.WindowsPropertyPosition">0,0</setting><setting
name="ProcessHacker.WindowExplorer.WindowsPropertySize">@96|690,540</setting><setting
name="ProcessHacker.WindowExplorer.WindowsPropListColumns"></setting><setting
name="ProcessHacker.WindowExplorer.WindowsPropStorageColumns"></setting><setting
name="ProcessHacker.WindowExplorer.EnableAltEnumWindow">1</setting><setting
name="ProcessHacker.WindowExplorer.EnableIcons">1</setting><setting
name="ProcessHacker.WindowExplorer.EnableIconsInternal">0</setting><setting
name="ProcessHacker.WindowExplorer.EnableWindowPreview">0</setting></settings>
